name,number sold,highest bid,lowest ask
adidas Yeezy Wave Runner 700 Solid Grey,5470,"$1,010",$420
adidas Yeezy Boost 350 V2 Blue Tint,22525,$600,$370
adidas Yeezy Boost 350 V2 Cream White,20629,$506,$363
adidas Yeezy Boost 350 V2 Beluga 2.0,29369,$575,$368
adidas Yeezy Boost 350 V2 Zebra,15019,$630,$529
adidas Yeezy Powerphase Calabasas Grey,5846,$200,$150
Jordan 11 Retro Win Like 96,5912,$268,$250
adidas Ultra Boost 4.0 Triple Black,2207,$235,$199
Jordan 11 Retro Space Jam (2016),5036,$299,$255
Air Max 1 Anniversary Red (2017 Restock Pair),1744,$225,$148
Jordan 11 Retro UNC Win Like 82,3954,$250,$240
adidas Yeezy Boost 350 V2 Semi Frozen Yellow,3867,"$1,200",$497
adidas Ultra Boost 4.0 Running White,878,$160,$150
Jordan 1 Retro Royal (2017),14826,$300,$250
Jordan 3 Retro True Blue (2016),5293,$245,$210
adidas Yeezy Boost 350 V2 Black Red,4264,"$1,050",$790
adidas NMD R1 Japan Triple White,2895,$185,$160
Jordan 6 Retro Gatorade Green,2006,$320,$270
Jordan 13 Retro Bred (2017),3945,$190,$194
adidas Ultra Boost Lux Sneakersnstuff x Social Status Vintage White,789,$155,$113
"Jordan 1 Retro Bred ""Banned"" (2016)",3825,$510,$174
adidas Yeezy Powerphase Calabasas Core White,10656,$311,$220
adidas NMD R1 Japan Triple Black,5049,$265,$238
Jordan 11 Retro Legend Blue (2014),3176,$295,$268
Jordan 1 Retro High Gold Top 3,1471,$587,$500
Jordan 1 Retro High Off-White Chicago,2159,"$2,155","$1,700"
adidas NMD XR1 OG Black,6832,$170,$134
Jordan 6 Retro Gatorade Like Mike White,1055,$180,$155
Jordan 6 Retro UNC,949,$215,$190
Jordan 1 Retro High Gatorade Blue Lagoon,675,$200,$124
Air Max 97 Silver Bullet (2016/2017),5785,$260,$240
Jordan 11 Retro Playoffs (2012),1497,$475,$440
Jordan 4 Retro Kaws Black,1875,"$1,300",$745
Air Max 1 Anniversary Obsidian,629,$205,$157
Air Force 1 Low Roc-A-Fella (AF100),1393,$175,$145
Jordan 11 Retro Heiress Black Stingray (GS),1077,$195,$158
Jordan 6 Retro Infrared Black (2014),2123,$350,$275
Jordan 1 Retro Top 3,3176,$450,$298
Jordan 1 Retro High Gatorade Cyber,951,$185,$165
adidas Yeezy Boost 350 V2 Beluga,2083,$950,$689
Air VaporMax Off-White,1716,"$1,500",$780
Air Presto Off-White,1779,"$1,700","$1,274"
Kyrie 4 Confetti,1011,$280,$235
Jordan 1 Retro Shattered Backboard,957,$855,$580
Jordan 13 Retro Altitude (2017),709,$150,$138
adidas Ultra Boost 4.0 Chinese New Year (2018),897,$212,$190
Jordan 4 Retro Black Cement (2012),867,$330,$318
Jordan 1 Retro High Gatorade Orange Peel,698,$200,$120
adidas NMD R1 Neighborhood x Invincible,796,$400,$320
adidas Yeezy Boost 750 Light Brown Gum (Chocolate),819,$800,$645
adidas Yeezy Boost 350 V2 Core Black Red,1082,"$1,100",$945
adidas Ultra Boost Mid Kith x Nonnative,1585,$366,$155
Jordan 11 Retro Concord (2011),1059,$430,$440
Air Max 97 Off-White,1475,$750,$739
Jordan 4 Retro Kaws,1202,"$1,300","$1,125"
Air Max 97 Country Camo (USA),407,$190,$160
adidas Ultra Boost 4.0 A Ma Maniere x Invincible Cashmere Wool,989,$242,$180
Air Force 1 Low Travis Scott (AF100),1264,$615,$570
Air Max 90 Off-White,1872,"$1,800",$725
Jordan 1 Retro High Camo 3M Shadow,410,$155,$110
Air Max 97 Country Camo (Italy),213,$205,$149
LeBron 1 Air Zoom Generation Black White Retro,534,$300,$152
Jordan 10 Retro Drake OVO Black,435,$280,$285
Jordan 1 Retro Reverse Shattered Backboard,1121,$535,$349
adidas Yeezy Boost 750 Light Grey Glow In The Dark,879,"$1,001",$885
adidas Ultra Boost 1.0 SNS X Social Status,1068,$334,$250
adidas Yeezy Boost 350 Moonrock,818,"$1,200",$960
adidas Ultra Boost Mid Run Thru Time,960,$250,$170
LeBron 15 Lifestyle KITH Concrete,367,$285,$170
Air Max 97 Ultra 17 Skepta,1061,$375,$235
LeBron 15 Performance KITH Rose Gold,571,$400,$334
Nike Zoom Fly Off-White,1353,$680,$530
Jordan 1 Retro Fragment,239,"$3,000","$1,818"
Jordan 3 Retro Black Cement (2011),607,$240,$249
Air Max 1 Atmos Elephant (2017),1638,$551,$300
Jordan 1 Retro Shadow (2013),249,$350,$319
Jordan 10 Retro Drake OVO White,802,$375,$340
adidas Ultra Boost 1.0 Triple Black,546,$421,$349
Puma Bow Slide Rihanna Fenty Olive (W),42,$100,$75
adidas Tennis HU Pharrell Multi-Color,746,$92,$88
Jordan 10 Retro Doernbecher,72,$280,$289
adidas Ultra Boost Mid Ronnie Fieg,625,$600,$399
"Air More Uptempo Supreme ""Suptempo"" Black",946,$556,$458
adidas NMD HU Pharrell Human Race Scarlet,498,"$2,000",$912
adidas NMD HU Pharrell Human Race Yellow,131,"$2,500","$1,837"
Air Yeezy 2 Pure Platinum,69,"$3,500","$3,200"
Air Max 97 Country Camo (UK),199,$227,$195
Air Max 1 Master,1219,$530,$252
LeBron 15 Lifestyle KITH Stained Glass,535,$376,$271
Jordan 12 Retro PSNY,252,$450,$399
Jordan 12 Retro OVO Black,959,$486,$430
"Air More Uptempo Supreme ""Suptempo"" Gold",1365,"$1,000",$480
Jordan 3 Retro White Cement ('88 Dunk Contest 2013),283,$500,$500
Jordan 12 Retro PSNY Bordeaux,201,$701,$525
Jordan 2 Retro Just Don Beach,287,$565,$600
Air Presto Acronym Volt,120,$700,$625
Vans Era 95 Fear of God,52,"$1,000",$915
adidas NMD Nice Kicks,57,"$1,125","$1,100"
adidas Yeezy Boost 350 Turtledove,506,"$1,800","$1,699"
adidas ZX Flux Clot RWB,9,$66,$99
Air Max 1 Anniversary Red (2017),219,$225,$185
Air Max 97 Country Camo (France),134,$217,$190
adidas Copa Mundial 17 Ultra Boost Kith Cobras,164,$280,$190
Vans Sk8-Hi Odd Future Donut,34,$170,$200
Air Max 97 Country Camo (Germany),214,$245,$200
adidas Y-3 Pure Boost White Black,100,$300,$254
Jordan 7 Retro Doernbecher,431,$350,$315
Air VaporMax Clot Bright Crimson,396,$475,$340
adidas NMD R1 Bape Black Camo,555,$845,$400
Jordan 8 Retro Doernbecher,197,$700,$480
Vans Sk8-Hi Supreme Black Checker Logo,14,$301,$499
"Asics Gel-Lyte III Ronnie Fieg ""Flamingo""",10,$650,$569
Air Max Lunar90 SP Moon Landing,79,$675,$590
"Asics Gel-Lyte III Ronnie Fieg ""Homage"" (Special Box)",19,$602,$600
"Air More Uptempo Supreme ""Suptempo"" Red",1232,"$1,083",$630
Jordan 12 Retro OVO White,257,$750,$650
Air Presto Acronym Olive,71,$860,$680
Foamposite One Supreme NYC Red,101,$710,$699
adidas NMD Pharrell HU Hue Man Tangerine,256,"$1,480",$700
Jordan 2 Retro Just Don Blue,136,$800,$720
adidas NMD R1 Bape Olive Camo,242,"$1,101",$750
Foamposite One Supreme NYC Black,113,$820,$790
adidas Ultra Boost 1.0 SNS Tee Time,86,$999,$888
Nike Dunk SB Low Supreme NY White Cement (2002),12,"$1,075","$1,000"
NikeCraft Mars Yard Shoe 2.0 Tom Sachs Space Camp,378,"$2,100","$1,490"
adidas Yeezy Boost 750 OG Light Brown,132,"$2,101","$1,650"
adidas NMD HU Pharrell Y.O.U. N.E.R.D.,78,"$2,350","$2,699"
Air Yeezy 2 Solar Red,51,"$3,811","$4,000"
adidas Human Race NMD Pharrell x Chanel,56,"$9,000","$7,250"
Nike Air MAG Back To The Future (2011),36,None,"$8,250"
Air Max 1 Anniversary Royal (2017),341,$230,$165
Jordan 1 Retro High Camo 3M Bred,59,$225,$190
adidas Nemeziz Tango 17 Ultra Boost Triple Black,214,$130,$199
"Asics GT-II Ronnie Fieg ""High Risk""",1,$380,$205
Puma Disc Blaze Bape Camo Green,40,$250,$220
LeBron 1 Air Zoom Generation Wheat (All-Star),17,$200,$225
Flyknit Trainer Multi-Color,24,$250,$245
Air VaporMax Oreo,176,$330,$260
KD 4 Weatherman,14,$441,$265
adidas NMD Grey Camo,59,$220,$270
"Saucony Shadow 5000 END ""Burger""",9,$385,$300
Nike Dunk SB Low Blue Lobster,12,$291,$300
ACE 16 PureControl Ultra Boost Kith Flamingos,532,$350,$300
Nike Dunk SB Low Stussy Cherry,28,$301,$300
Jordan 4 Retro White Laser,41,$337,$300
Asics Gel-Lyte III Ronnie Fieg Militia (Special Box),78,$400,$315
"Diadora N9000 Packer Shoes x Raekwon ""Purple Tape""",11,$450,$320
New Balance 997.5 Phantaci,2,$200,$330
LeBron 8 V/2 Low Solar Red,13,$300,$330
Diadora Intrepid Kith From Seoul To Rio,15,$360,$340
Jordan 13 OG Flint (1997),5,$286,$348
Air Max 98 Supreme Black,194,$350,$375
Kobe 10 Elite HTM Shark Jaw,50,$425,$375
Jordan 4 Retro Cool Grey,51,$355,$380
Asics Gel-Lyte III Ronnie Fieg Super Green,22,$552,$385
"Asics Gel-Lyte III Ronnie Fieg ""Mint Leaf""",1,$500,$399
"New Balance 999 Concepts ""The Kennedy""",5,$260,$400
Vans Authentic Supreme Blue Checker Logo,5,$260,$425
Jordan 1 Retro Black Royal Blue (2001),36,$402,$425
Vans Authentic Supreme Black Checker Logo,8,$480,$450
Vans Sk8-Hi Fear of God,38,$500,$450
"adidas ZX 5000 UNDFTD x Bape ""Camo""",6,$310,$450
Air Tech Challenge II Wimbledon (2013),2,$300,$488
Reebok Instapump Fury CNCPTS Versace,5,$399,$500
Jordan 12 Retro PSNY Wheat,166,$500,$505
Jordan 3 Retro Doernbecher (2013),31,$625,$525
Air Presto Acronym Bamboo,82,$675,$550
Jordan 10 OG Sacramento Kings,4,$400,$550
Vans Style 36 Blends Bones,16,$350,$550
LeBron 7 Christ the King (CTK),8,$425,$560
LeBron 8 South Beach (Pre-Heat),45,$700,$565
Jordan 12 Retro PSNY Olive,166,$625,$579
Vans Sk8-Hi Supreme Public Enemy Black White,--,$201,$599
A Bathing Ape Bapesta Ronnie Fieg Fiegsta Sand,4,$480,$600
Nike Dunk SB Low Supreme NY Red Cement (2012),65,$552,$610
"Nike Dunk SB Low Diamond Supply Co. ""Tiffany""",55,$750,$650
"Asics Gel-Lyte III Afew ""Koi""",14,$800,$699
Jordan 11 Retro Concord DMP (2006),32,$600,$700
Air Max 95 Stash,4,$475,$750
Kobe 6 Grinch,41,$700,$750
Air Max 1 B Atmos Viotech,5,$550,$750
Nike Hyperdunk Marty McFly 2015,7,$650,$799
adidas Ultra Boost 1.0 Wood Wood Black,86,$785,$799
"Air Max 1 NL SP Clot ""Kiss of Death"" (2006)",10,$688,$799
"Asics Gel-Lyte III Woei ""Cervidae""",3,$475,$800
Air Max 1 112 Pack,5,$300,$800
Jordan 4 Retro Doernbecher,102,$951,$800
Nike Flyknit Lunar1+ Supreme NYC Black,23,$736,$800
Fear Of God Military Sneaker Kith Blue,5,$650,$820
Jordan 4 Retro Black Laser,18,$650,$850
adidas Futurecraft MFG Made For Germany,13,$700,$880
Jordan 5 Retro Doernbecher,102,$986,$899
Fear Of God Military Sneaker Canapa,3,$200,$900
Jordan 23 Titanium,8,$815,$900
Nike HyperAdapt 1.0 Black (1st Release Pair Special Box),418,$980,$910
Jordan 7 Retro Premio Bin 23,31,$900,$920
Reebok Instapump Fury Aape By a Bathing Ape,1,$179,$948
adidas Ultra Boost Uncaged Hypebeast,24,"$1,110",$950
"Asics Gel-Lyte III Ronnie Fieg ""Leatherbacks""",2,$600,$998
LeBron 4 Graffiti NYC,1,$800,"$1,000"
Jordan 23 Finale,11,$950,"$1,000"
"Air Max 90 Patta ""Homegrown Grass""",4,$700,"$1,028"
KD 4 Nerf,7,$825,"$1,040"
Jordan 2 Retro Doernbecher Peacock,23,$600,"$1,085"
"Diadora N9000 LimitEDition ""Castellers""",6,$700,"$1,099"
Dunk High Pro SB Supreme Red Stars,7,"$1,000","$1,100"
Air Max 1 Patta 5th Anniv Green,12,"$1,000","$1,125"
Dunk High Pro SB Supreme Blue Stars,7,$900,"$1,145"
Jordan 13 Retro Premio Bin 23,27,"$1,201","$1,200"
Nike Dunk SB Low Supreme NY Black Cement (2002),9,"$1,000","$1,250"
"Jordan 1 Retro Satin ""Royal""",196,"$1,180","$1,100"
"Vans Chukka Boot LX Kaws ""The Simpsons"" (2007)",2,"$1,000","$1,300"
Nike SB Blazer Supreme NYC Black (2006),11,"$1,550","$1,370"
Jordan 7 Retro Miro,13,"$1,050","$1,400"
adidas NMD R1 NYC Red Apple,34,"$1,975","$1,500"
Air Force 1 Low VLONE (2017),105,"$1,800","$1,699"
"Jordan 1 Retro Satin ""Banned""",113,"$1,980","$1,744"
Air Max 1 Animal Pack,12,"$1,800","$1,800"
Nike Dunk SB Low What The Dunk,15,"$2,500","$1,890"
Jordan 1 Retro Black Metallic Gold (2013),35,"$2,100","$1,922"
Jordan 13 Retro Ray Allen PE,20,"$1,700","$2,097"
Air Yeezy 1 Zen Grey,35,"$2,000","$2,100"
A Bathing Ape Bapesta Kanye West College Dropout,6,"$2,000","$2,380"
LeBron X Celebration Pack,7,"$1,600","$2,400"
Jordan 1 Retro High OG Spike Lee Fort Greene,11,"$1,801","$2,695"
Air Yeezy 1 Blink,18,"$3,000","$2,800"
Air Max 1 AMS Parra Amsterdam,3,"$2,450","$2,800"
Jordan 2 Retro Eminem (The Way I Am),7,"$3,000","$3,200"
"Air Max 1 Parra Patta ""Cherrywood""",3,"$5,000","$3,300"
Foamposite One ParaNorman,15,"$3,027","$3,371"
adidas NMD Friends and Family Pitch Black,9,"$1,600","$3,380"
adidas NMD R1 Primeknit Friends and Family,3,"$2,700","$3,500"
LeBron 8 112 Pack (Clark Kent),1,"$1,000","$4,000"
adidas 3D Runner Black,6,"$2,900","$4,500"
Jordan 3 Retro Oregon Ducks Pit Crew Black,2,"$4,122","$4,899"
Air Yeezy 2 Red October,87,"$5,558","$5,000"
Louis Vuitton Don Kanye Red,--,"$1,700","$6,750"
adidas NMD Pharrell HU Friends and Family Burgundy,26,"$4,100","$7,499"
Louis Vuitton Jaspers Kanye Patchwork Grey/Pink,--,"$4,500","$7,800"
UA Curry 3Zer0 LTD Gold (Signed),1,"$1,000","$8,000"
Jordan 4 Retro Oregon Ducks,--,"$3,750","$8,000"
"Nike Dunk SB Low Staple ""NYC Pigeon""",3,"$7,650","$8,200"
LeBron 4 Fruity Pebbles,1,"$4,000",None
Jordan 4 Retro Eminem Carhartt,3,"$8,600",None
Nike Dunk SB Low Paris,2,None,None
Nike Air MAG Back To The Future (2016),6,None,None
Air Force 1 Mid Supreme NBA White,2348,$505,$214
Air Force 1 Mid Supreme NBA Black,1333,$451,$209
adidas Human Race NMD Pharrell Holi Festival (Core Black),430,$502,$454
Jordan 9 Retro Bred Patent,1956,$315,$230
Jordan 3 Retro Black Cement (2018),12919,$255,$230
Jordan 1 Retro High Bred Toe,8545,$310,$240
Jordan 1 Retro High Bred Toe (GS),3892,$216,$170
adidas Human Race NMD Pharrell Holi Festival (Chalk Coral),362,$452,$438
adidas Human Race NMD Pharrell Holi Festival (Pink Glow),278,$446,$444
adidas Yeezy Powerphase Calabasas Core Black,280,$260,$165
Air Max 98 Cone,1042,$305,$219
Air Max 1 Atmos Animal Pack 2.0 (2018 All Black Box),204,$357,$325
Jordan 1 Retro High NRG Patent Gold Toe,6061,$600,$185
adidas Ultra Boost 4.0 Cookies and Cream,1037,$250,$228
Jordan 9 Retro Bred Patent (GS),599,$175,$160
Vans Old Skool Yacht Club,504,$160,$125
Air Jordan 3 JTH Super Bowl,466,$766,$725
adidas Human Race NMD Pharrell Blank Canvas,1433,$450,$395
Air Max 97/1 Sean Wotherspoon (No Accessories),353,$525,$470
Air VaporMax 97 Japan,202,$280,$168
Jordan 13 Retro White Hyper Royal Black,823,$205,$189
Jordan 1 Retro High Game Royal,289,$288,$245
Vans Sk8-Hi Supreme Skull Pile (Green),572,$250,$140
NikeCourt Vapor RF Air Max 95 Neon,118,$315,$254
Jordan 3 Retro Tinker Hatfield,364,$565,$430
Flyknit Trainer Oreo,862,$185,$160
Jordan 3 Retro Free Throw Line White Cement,2336,$500,$405
Air Max 270 University Gold,52,$200,$150
adidas Dame 4 A Bathing Ape Camo,1382,$500,$250
Jordan 1 Retro High Game Royal (GS),49,$143,$150
adidas NMD R1 Neighborhood Core Black,1102,$350,$249
Air Force 270 Black White,48,$136,$145
Jordan 8 Retro OVO Black,989,$350,$264
Air Max 270 Light Bone Hot Punch,215,$183,$162
Jordan 1 Retro High Off-White White,496,"$1,925","$1,600"
Air Foamposite One Big Bang,2426,$640,$449
Air Safari OG (2018),45,$165,$120
Air Force 1 Low Swoosh Pack All-Star 2018 (Sail),549,$215,$130
adidas I-5923 Neighborhood Core Black,499,$260,$194
Jordan 8 Retro OVO White,1092,$320,$273
Air VaporMax Plus Bleached Aqua (W),363,$301,$274
Air Max 98 Gundam (2018),1171,$314,$265
Vans Slip-On Supreme Skull Pile (Green),375,$230,$137
Jordan 1 Retro Yin Yang White,3470,$131,$107
adidas Ultra Boost 4.0 Core Black,872,$190,$149
Air Force 1 Low Swoosh Pack All-Star 2018 (Black),298,$150,$153
LeBron 15 Rust Pink,144,$275,$165
Jordan 13 Retro OG Chicago (2017),4458,$190,$185
Asics Gel-Lyte III End Wasabi (Special Box),34,$375,$245
Kobe 1 Protro Undefeated Camo,1234,$550,$278
Air Force 1 Low Swoosh Pack All-Star 2018 (White),621,$230,$140
Jordan 10 Retro I'm Back,37,$200,$220
Lebron 15 Mowabb,92,$325,$235
Jordan 6 Retro Chinese New Year (2018),1129,$305,$247
adidas Human Race NMD Pharrell Multi-Color,1777,$401,$360
Nike Zoom Vapor AJ3 Fire Red,643,$250,$135
Air Max 270 Triple Black,44,$160,$145
LeBron 15 Orange Box,25,$375,$300
Air Max 270 Black Hot Punch,126,$170,$189
LeBron 15 Ghost,567,$240,$195
Jordan 4 Retro Royalty,4314,$275,$213
Jordan 12 Retro Flu Game (2016),3294,$271,$265
Jordan 3 Retro Black Cement 2018 (GS),727,$110,$115
Nike Epic React Flyknit White Racer Blue Pink Blast,283,$195,$180
Air VaporMax 2.0 Black Hot Punch,44,$200,$190
Jordan 4 Retro Motorsports (2017),2999,$168,$150
Jordan 1 Retro High OG Sail,1308,$175,$159
Jordan 11 Retro Win Like 96 (GS),970,$185,$175
Air Force 1 Low CLOT 1WORLD (2018),1023,$522,$318
adidas I-5923 Black Boost,75,$98,$106
Jordan 9 Retro City Of Flight,538,$200,$180
Jordan 4 Retro White Cement (2016),2003,$315,$220
Air VaporMax Plus Black Orange Crimson,409,$250,$235
Jordan 4 Retro Royalty (GS),924,$99,$80
Air Vapormax Off White 2018,201,"$1,000",$825
Jordan 4 Retro Royalty (GS),924,$99,$80
Harden Vol. 1 Pioneer,70,$101,$84
Nike Epic React Flyknit College Navy,179,$185,$177
Jordan 11 Retro Low University Blue (2017),4728,$210,$188
Jordan 5 Retro Black Metallic (2016),2667,$265,$189
Kobe 1 Protro Black Maize,987,$251,$190
adidas Human Race NMD Pharrell Oreo,1934,$525,$448
Air Max 1 Anniversary Aqua,220,$180,$110
adidas Ultra Boost 5th Anniversary Black,835,$185,$165
Jordan 3 Retro Golf White Cement,427,$360,$300
Jordan 17 Retro Low SoleFly Alternate Lightning,359,$340,$329
Jordan 13 Retro White Hyper Royal Black (GS),220,$156,$160
Jordan 4 Retro Pure Money (2017),4099,$205,$180
Air Foamposite One Easter 2018 (GS),21,$160,$180
Nike Epic React Flyknit Black Racer Blue,334,$200,$181
Air VaporMax Plus White,290,$230,$215
Air Max 97/1 Sean Wotherspoon (With Accessories),252,$625,$600
adidas Yeezy Boost 350 V2 Core Black White,2162,$786,$708
adidas Ultra Boost 3.0 Grey Three,330,$160,$139
Air Max 98 White,174,$200,$164
Air Max 270 Dusty Cactus,91,$180,$170
Air Foamposite One Abalone,578,$205,$192
Air Max 98 Gundam 2018 (W),233,$290,$274
adidas Human Race NMD Pharrell Sun Glow,1174,$430,$379
Air Force 1 Low Off-White,1537,"$1,100",$670
Vans Slip-On Yacht Club,17,$75,$65
Nike SF Air Force 1 High Navy Gum,286,$100,$79
Jordan 1 Retro High Flyknit Royal,617,$105,$99
Nike Dunk SB High Waffle,493,$280,$110
Converse Chuck Taylor All-Star 70s Hi Comme des Garcons PLAY White,228,$165,$139
adidas Ultra Boost 3.0 Triple White,2248,$172,$158
Jordan 4 Retro Motorsports Alternate,2604,$180,$165
Jordan 1 Retro UNC,1021,$250,$225
Air VaporMax Plus Triple Black,270,$250,$236
Nike PG 2 Playstation,601,$521,$421
Kyrie 4 Equality Black History Month (2018),722,$165,$165
Flyknit Trainer White Black (2017),2123,$285,$181
Air Foamposite Pro All-Star (2018),247,$230,$217
Air VaporMax Plus Obsidian,199,$250,$220
Air Max 95 Atmos Animal Pack 2.0 (2018 All Black Box),19,$372,$360
Jordan 4 Retro Levi's Denim (Tag with Levi's Logo),1176,"$1,025",$613
Air VaporMax Off-White Black,33,$800,$840
adidas EQT Support 93/17 Triple Black,897,$130,$100
Converse Chuck Taylor All-Star 70s Ox Comme des Garcons PLAY White,217,$250,$114
Nike SF Air Force 1 High Triple Black,285,$126,$115
Jordan 1 Retro Metallic Red (2017),1710,$174,$120
Jordan 13 Retro Olive,525,$140,$145
Jordan 5 Retro Red Suede,2557,$190,$193
Air VaporMax Triple Black 3.0,818,$257,$229
Jordan 12 Retro French Blue (2016),762,$240,$245
adidas Dame 4 A Bathing Ape Black,255,$430,$310
Jordan 11 Retro Gamma Blue,1384,$400,$369
Air Force 1 Low Hong Kong (2018),61,$125,$99
Nike SB Dunk High Soulland FRI.day Part 02,250,$205,$130
Air Max 1 Anniversary Royal (2017 Restock Pair),1022,$210,$135
Air Force 270 Safari,203,$181,$140
adidas Ultra Boost 3.0 Utility Black,652,$135,$140
Nike Vapor Street Flyknit Black,108,$170,$149
Air Max 95 Solar Red (2018),123,$160,$159
Air Force 270 Phantom,411,$250,$185
Jordan 5 Retro Blue Suede,2303,$180,$189
Jordan 11 Retro Low Closing Ceremony,3309,$192,$199
"Jordan 1 Retro All Star 2017 ""Chameleon""",3093,$293,$219
adidas NMD R1 Core Black Lush Red (2015/2017),5131,$255,$250
Jordan 1 Retro Black Toe (2016),2310,$590,$274
Jordan 11 Retro Low Concord,1000,$335,$284
Jordan 14 Retro Ferrari,610,$336,$285
Balenciaga Triple S Black White Red (2018 Reissue),235,"$1,350",$950
Jordan 2 Retro Decon Black,122,$52,$60
adidas EQT Support 93/17 Black White,354,$78,$83
Nike Flyknit Racer Multi-Color 2.0 (2015/2017),937,$80,$90
Air Max 180 Ultramarine (2018),181,$100,$114
"Jordan 6 Retro All Star 2017 ""Chameleon""",2405,$171,$127
adidas Ultra Boost ATR Mid Oreo,493,$125,$145
Foamposite Pro Pure Platinum,596,$194,$169
LeBron 1 Air Zoom Generation Wheat Retro,168,$185,$175
Air Force 1 High Just Don (AF100),775,$207,$195
Jordan 4 Retro Oreo (2015),1422,$200,$208
Jordan 12 Retro Gym Red,1805,$231,$219
Jordan 9 Retro OG (2016),1845,$255,$245
Jordan 12 Retro Chinese New Year,2269,$265,$256
adidas Human Race NMD Pharrell Pale Nude,1767,$470,$420
Air Foamposite One Lunar New Year 2018,139,"$1,190",$519
Nike React Hyperdunk 2017 Flyknit Off-White,1373,$560,$520
Jordan 3 Retro Seoul,114,"$1,576","$1,149"
Jordan 3 Retro True Blue 2016 (GS),133,$100,$107
Air Presto Essential Triple Black,50,$105,$108
Kyrie 3 Finals Gold,251,$190,$120
adidas NMD R1 White Rose (W),1046,$186,$130
Jordan 6 Retro Wheat,780,$161,$132
Jordan 3 Retro Cyber Monday (2016),1589,$145,$132
Kyrie 4 All-Star (2018),389,$155,$135
Jordan 4 Retro Alternate 89,1569,$191,$137
adidas NMD R2 Chinese New Year (2018),319,$200,$145
adidas Ultra Boost 3.0 Parley Night Navy,1739,$180,$149
Air Max 97 Metallic Hematite,93,$155,$160
Jordan 1 Retro High Equality Black History Month (2018),517,$222,$164
adidas Ultra Boost 4.0 Navy Multi-Color,476,$175,$168
Jordan 1 Retro High RE2PECT (Derek Jeter),651,$200,$169
adidas NMD R1 A Ma Maniere x Invincible Cashmere Wool,491,$182,$178
Air More Uptempo Olympic (2016),413,$212,$199
Jordan 13 Retro Black Cat,2925,$250,$200
Air Max 98 Hyperlocal UK,124,$240,$222
Jordan 3 Retro Infrared 23,939,$255,$240
Jordan XXXII NRG,77,$450,$360
Nike Blazer Mid Off-White,1573,$961,$735
Jordan 1 Retro High Off-White White (GS),75,"$1,270","$1,300"
Jordan 9 Retro Bred Patent (PS),32,$90,$86
adidas NMD R1 STLT Black Grey,43,$90,$103
adidas NMD XR1 Triple Grey,309,$110,$115
Nike SB Air Force 2 Low Supreme Blue,616,$117,$115
Converse One Star Ox Tyler The Creator Golf Le Fleur Geranium Pink,337,$136,$119
Jordan 1 Retro Rare Air Max Orange,306,$243,$120
adidas NMD CS1 Gore-tex Black,180,$142,$130
adidas Crazy BYW LVL 1 Black White,244,$133,$132
Jordan 13 Retro Wheat,312,$132,$139
Jordan 13 Retro Alternate History Of Flight,2356,$180,$140
Jordan 13 Retro Low Brave Blue,876,$165,$150
Air Max 180 Bright Ceramic,10,$110,$150
Jordan 1 Retro High Flyknit Derek Jeter RE2PECT,63,$150,$155
adidas Yeezy Boost 350 V2 Cream White Infant (I),693,$210,$157
Nike Foamposite Pro Island Green,295,$196,$160
LeBron 15 Black Gold,168,$185,$160
adidas NMD R1 Colour Static Rainbow,1032,$215,$164
Foamposite One Royal Blue XX 20th Anniversary (2017),463,$250,$170
Jordan 6 Retro Chinese New Year 2018 (GS),191,$210,$175
Jordan 5 Retro Poison Green,635,$216,$179
Air Max 97 Plus Layer Cake,62,$180,$179
Jordan 7 Retro Hare (2015),1296,$202,$185
Air VaporMax Moc Triple Black,122,$201,$189
Jordan 1 Retro High Wings,2647,$260,$197
Jordan 6 Retro Maroon (2015),1577,$212,$200
Jordan 11 Retro Legend Blue 2014 (GS),224,$196,$200
Air Max 270 Black Volt,61,$184,$210
Air VaporMax Plus Cargo Khaki,169,$276,$235
Jordan 12 Retro Doernbecher (2017),857,$267,$245
Jordan 8 Retro Valentine's Day 2018 (W),573,$483,$250
Jordan Defining Moments Pack Last Shot,1081,$339,$323
Kobe 1 Protro Undefeated White,240,$605,$448
Balenciaga Triple S Silver Red (2018),120,"$1,035",$900
Kyrie 3 Red Suede,46,$66,$70
Jordan 1 Retro Yin Yang Black,3624,$111,$108
PG 2 NCAA,30,$100,$120
Air Max 270 Black White,46,$130,$125
Jordan 1 Retro Storm Blue,586,$232,$127
Air Max 93 Menthol (2018),213,$160,$129
adidas NMD CS1 Gore-tex White,170,$145,$129
Jordan 15 Retro Obsidian,324,$115,$129
Jordan 1 Retro High Gatorade Rush Violet,270,$121,$130
Jordan 5 Retro P51 Camo,705,$145,$140
Air Max 97 Obsidian,59,$155,$140
adidas Ultra Boost 4.0 Dark Mocha,291,$148,$145
Jordan 8 Retro Black Cement,449,$165,$145
LeBron 15 Graffiti,53,$150,$145
Air Max Plus 97 Layer Cake,26,$170,$155
Jordan 1 Retro High Flyknit Bred,1321,$159,$155
Jordan 5 Retro Laney (2013),646,$188,$160
adidas Nemeziz Tango 17 Ultra Boost Kith Flamingos,144,$180,$160
Jordan 1 Retro Valentine's Day 2017 (GS),275,$254,$169
Nike Epic React Flyknit White Racer Blue,276,$190,$170
Kyrie 4 Chinese New Year (2018),347,$180,$170
Air More Uptempo Black Reflective (2018),9,$155,$175
LeBron 15 Ashes,247,$175,$180
Jordan 13 Retro Chris Paul Away,728,$205,$180
Air Max 97 Silver Bullet 2016/2017 (GS),162,$193,$186
Jordan 8 Retro Aqua (2015),2394,$215,$189
Air Max 97 OG Black Volt,547,$252,$190
Air More Uptempo Chicago,316,$201,$190
adidas Yeezy Boost 350 V2 Black Red Infant (I),992,$215,$199
Air Max 98 Gym Red (W),49,$211,$199
Jordan 11 Retro Low Midnight Navy,1344,$212,$200
Air Force 1 Low Taiwan (2018),64,$275,$200
Air Max 98 Fossil (W),83,$230,$204
Jordan 7 Retro Nothing But Net,573,$260,$210
Air Max 97 Ultra 17 Gym Red (W),140,$300,$220
Jordan 1 Retro Mid New Love (2017),4447,$315,$225
Jordan 11 Retro Low Georgetown,1012,$277,$225
Air Max 98 Tour Yellow,410,$220,$225
LeBron 15 Lifestyle KITH City Of Angels,87,$321,$235
Air Max 97 UNDFTD Black,2694,$656,$390
Jordan 11 Retro Cool Grey (2010),572,$401,$405
adidas Futurecraft 4D Ash Green,608,"$1,250",$735
Balenciaga Triple S Black Pink (W),63,"$1,130",$950
adidas Yeezy Boost 350 Pirate Black (2016),1057,"$1,171",$999
KD 10 University Red,75,$90,$84
Vans Slip-On Spongebob White,19,$101,$98
Jordan 2 Retro Alternate 87,676,$150,$99
Air Presto Triple White,27,$100,$99
Vans Sk8-Hi Re-Issue Metallica (2018),64,$135,$100
adidas NMD R1 Sashiko White,514,$125,$102
adidas NMD XR1 Black White,98,$95,$108
Air Force 1 High Flax (2017),410,$130,$109
Jordan 1 Retro David Letterman,564,$103,$110
adidas NMD R1 Core Black Carbon,250,$150,$114
Nike Cortez Basic Leather Forrest Gump (2017),304,$110,$115
adidas NMD R2 Japan Core Black,336,$140,$123
adidas NMD R1 Sashiko Black,717,$115,$124
Jordan 1 Retro Metallic Navy (2016),871,$175,$130
Jordan 12 Retro Flu Game 2016 (GS),180,$132,$130
Jordan 12 Retro Flu Game 2016 (GS),180,$132,$130
Converse Chuck Taylor All-Star 70s Hi Comme des Garcons PLAY Black,273,$180,$147
Nike SB Dunk Low Black Pigeon,1945,$200,$149
Air Max 97 Bronze,41,$150,$155
adidas NMD R1 Gum Pack White,1904,$185,$155
Air More Money White Black Team Red,74,$150,$160
Jordan 5 Retro White Cement,694,$182,$165
Jordan 10 Retro Cool Grey,175,$165,$170
Jordan 8 Retro Chrome (2015),400,$200,$172
Nike Zoom Vapor AJ3 Atmos Jade,371,$278,$174
Air VaporMax Grey Multi-Color,63,$162,$175
Jordan 5 Retro Metallic White (2015),627,$204,$179
adidas Ultra Boost 3.0 Triple Grey,946,$250,$184
Jordan 4 Retro Columbia (2015),900,$225,$187
Jordan 3 Retro Sport Blue,929,$250,$189
Jordan 6 Retro Infrared White (2014),902,$266,$190
Jordan 1 Retro High Los Primeros,746,$301,$195
Jordan 4 Retro 30th Anniversary Laser,979,$271,$195
Jordan 11 Retro Low Barons,3117,$273,$199
Air VaporMax SE Laceless Triple Black,217,$220,$200
Jordan 6 Retro Black Cat,1485,$225,$210
Jordan 4 Retro 11Lab4 Black,612,$275,$210
Air More Uptempo Bulls Hoops Pack (2017),1314,$275,$210
Jordan 11 Retro Low Cherry (2016),1813,$221,$211
LeBron 15 Performance KITH Suit Of Armor,139,$500,$220
adidas Ultra Boost 3.0 Oreo,4777,$250,$222
Jordan 7 Retro Bordeaux (2015),1390,$228,$224
Jordan 12 Retro Deep Royal Blue,2838,$220,$224
Jordan 11 Retro Low Bred,1640,$347,$238
Jordan 6 Retro Pinnacle Promo Flight Jacket,489,$267,$249
LeBron 15 Diamond Turf,237,$400,$260
Kyrie 3 Mamba Mentality Bruce Lee,841,$302,$270
adidas AlphaEdge 4D Ash Green,281,$650,$310
Jordan 3 Retro White Cement (2011),488,$330,$313
Nike Cortez Kenny 2 Kendrick Lamar Kung Fu Kenny,335,$490,$340
LeBron 15 Performance KITH King's Cloak,370,$701,$360
Jordan 1 Retro Chicago (2015),1203,$701,$400
adidas Yeezy Boost 350 V2 Core Black Copper,883,$717,$685
adidas Yeezy 500 Blush,311,$955,$732
adidas Harden Vol. 1 Ash Pearl,49,$110,$73
